{"cameraMode":{"drawMode":0,"name":"Shaded","section":"Shading Mode"},"sceneLighting":false,"audioPlay":false,"sceneViewState":{"showFog":true,"showMaterialUpdate":false,"showSkybox":false,"showFlares":true,"showImageEffects":true,"showParticleSystems":true},"in2DMode":false,"pivot":{"x":-5.960464477539063e-8,"y":0.9233397245407105,"z":0.2637845277786255},"rotation":{"x":0.0035606161691248419,"y":0.9910876154899597,"z":-0.1303883194923401,"w":0.027064280584454538},"size":0.9834567904472351,"orthographic":false}