{"cameraMode":{"drawMode":0,"name":"Shaded","section":"Shading Mode"},"sceneLighting":false,"audioPlay":false,"sceneViewState":{"showFog":true,"showMaterialUpdate":false,"showSkybox":false,"showFlares":true,"showImageEffects":true,"showParticleSystems":true},"in2DMode":false,"pivot":{"x":1.7881393432617188e-7,"y":2.5048890113830568,"z":0.4491548538208008},"rotation":{"x":0.0035606161691248419,"y":0.9910876154899597,"z":-0.1303883194923401,"w":0.027064280584454538},"size":3.403449535369873,"orthographic":false}