{"cameraMode":{"drawMode":0,"name":"Shaded","section":"Shading Mode"},"sceneLighting":false,"audioPlay":false,"sceneViewState":{"showFog":true,"showMaterialUpdate":false,"showSkybox":false,"showFlares":true,"showImageEffects":true,"showParticleSystems":true},"in2DMode":false,"pivot":{"x":-2.2474918365478517,"y":0.7396131753921509,"z":22.319507598876954},"rotation":{"x":0.03534112498164177,"y":0.18922720849514008,"z":-0.006815125700086355,"w":0.9812736511230469},"size":6.053820610046387,"orthographic":false}