{"cameraMode":{"drawMode":0,"name":"Shaded","section":"Shading Mode"},"sceneLighting":false,"audioPlay":false,"sceneViewState":{"showFog":true,"showMaterialUpdate":false,"showSkybox":false,"showFlares":true,"showImageEffects":true,"showParticleSystems":true},"in2DMode":false,"pivot":{"x":0.0,"y":0.6092278957366943,"z":0.18502885103225709},"rotation":{"x":0.0035606161691248419,"y":0.9910876154899597,"z":-0.1303883194923401,"w":0.027064280584454538},"size":1.061551809310913,"orthographic":false}