{"cameraMode":{"drawMode":0,"name":"Shaded","section":"Shading Mode"},"sceneLighting":false,"audioPlay":false,"sceneViewState":{"showFog":true,"showMaterialUpdate":false,"showSkybox":false,"showFlares":true,"showImageEffects":true,"showParticleSystems":true},"in2DMode":false,"pivot":{"x":-5.960464477539063e-8,"y":0.8587385416030884,"z":0.23705840110778809},"rotation":{"x":0.0035606161691248419,"y":0.9910876154899597,"z":-0.1303883194923401,"w":0.027064280584454538},"size":1.4436149597167969,"orthographic":false}