{"cameraMode":{"drawMode":0,"name":"Shaded","section":"Shading Mode"},"sceneLighting":false,"audioPlay":false,"sceneViewState":{"showFog":true,"showMaterialUpdate":false,"showSkybox":false,"showFlares":true,"showImageEffects":true,"showParticleSystems":true},"in2DMode":false,"pivot":{"x":-3.8242669105529787,"y":2.791466236114502,"z":1.477348804473877},"rotation":{"x":-0.02830941043794155,"y":0.9609950184822083,"z":-0.1074119582772255,"w":-0.25327935814857485},"size":3.5845565795898439,"orthographic":false}